ID,count,mean,std,min,25%,50%,75%,max
healthy12,22426.0,44.591099616516274,285.7062934459213,0.0,1.4819552138364458,10.199028776071929,29.627293391028818,24767.53890812044
healthy12.1,22426.0,44.59109961651691,274.7441750665626,0.0,1.2481387067145786,10.185103916103756,30.402091513133527,23438.856143766596
healthy18,22426.0,44.59109961651637,391.11688437940586,0.0,0.9967684014741238,7.393030091689046,23.216688904693196,36543.76895975571
healthy18.1,22426.0,44.591099616516665,353.7099669838971,0.0,0.9419550073708215,7.839045813607816,24.494405358671237,29718.509666785874
healthy24,22426.0,44.591099616516416,312.9842349000972,0.0,1.1008011377254556,8.637598487293799,26.378489703362753,17294.532373463633
healthy24.1,22426.0,44.591099616516814,362.0546496658439,0.0,1.0640941486118014,8.185044514599749,24.213011866733254,23032.322994868446
healthy30,22426.0,44.59109961651686,337.07370502058427,0.0,0.6539919894340538,7.104007043746004,25.008622020846207,22193.965119001048
healthy30.1,22426.0,44.59109961651647,287.30359409661514,0.0,0.7967345469914302,8.525193934803175,27.88065400182387,14902.684462911473
