ID,count,mean,std,min,25%,50%,75%,max
healthy30.1,19792,3.41288856645954,2.14254525392847,0,1.64116912837281,3.53338754993749,4.95098402756053,9.27029471358812
healthy30,19792,3.2644591262747,2.14386121569923,0,1.41736842259927,3.32273193315266,4.80382600591179,9.27653505921735
healthy12,19792,3.61176507477465,2.01172835412559,0,2.07769444643622,3.73859179822819,5.0251260443525,9.23445459039794
healthy18.1,19792,3.34153673815718,2.03419727951935,0,1.70778717708875,3.40857306152859,4.76741971732377,9.23763135234334
healthy18,19792,3.3027892882777,2.0041655947612,0,1.70660263320844,3.33023305269706,4.69208134009925,9.26764040552604
healthy24.1,19792,3.355292562785,1.98548878145091,0,1.81608822214133,3.45410562786235,4.74393888780716,9.1920012680702
healthy12.1,19792,3.59934056041208,2.05569987102575,0,2.02429807335417,3.75285941932974,5.06634212187232,9.22054036856794
healthy24,19792,3.43497554880244,2.01341720635528,0,1.84808958025585,3.53104803396212,4.86438617170101,9.26502373805102
